0,0,photo_2014_188.png
0,1,photo_2014_188.png
0,2,photo_2014_188.png
0,3,photo_2014_188.png
0,4,photo_2014_188.png
0,5,photo_2014_188.png
0,6,photo_2014_188.png
0,7,photo_2014_188.png
0,8,photo_2014_188.png
0,9,photo_2014_188.png
0,10,photo_2014_3404.png
0,11,photo_2014_3404.png
0,12,photo_2014_2206.png
0,13,photo_2014_198.png
0,14,photo_2014_198.png
0,15,photo_2014_4914.png
0,16,photo_2014_144.png
0,17,photo_2014_3115.png
0,18,photo_2014_3115.png
0,19,photo_2014_198.png
1,0,photo_2014_188.png
1,1,photo_2014_188.png
1,2,photo_2014_188.png
1,3,photo_2014_188.png
1,4,mine (13).png
1,5,photo_2014_188.png
1,6,photo_2014_188.png
1,7,photo_2014_188.png
1,8,photo_2014_188.png
1,9,photo_2014_188.png
1,10,photo_2014_2206.png
1,11,photo_2014_188.png
1,12,photo_2014_188.png
1,13,photo_2014_188.png
1,14,photo_2014_188.png
1,15,photo_2014_2206.png
1,16,photo_2014_1627.png
1,17,photo_2014_3203.png
1,18,photo_2014_3214.png
1,19,photo_2014_4219.png
2,0,photo_2014_4641.png
2,1,mine (89).png
2,2,photo_2014_4641.png
2,3,photo_2014_4641.png
2,4,photo_2014_4641.png
2,5,photo_2014_4641.png
2,6,photo_2014_4641.png
2,7,photo_2014_4641.png
2,8,photo_2014_4589.png
2,9,photo_2014_4589.png
2,10,photo_2014_4589.png
2,11,mine (89).png
2,12,mine (119).png
2,13,photo_2014_3611.png
2,14,mine (89).png
2,15,mine (89).png
2,16,mine (89).png
2,17,photo_2014_4589.png
2,18,mine (89).png
2,19,mine (89).png
3,0,photo_2014_3634.png
3,1,photo_2014_3634.png
3,2,photo_2014_3634.png
3,3,photo_2014_3634.png
3,4,photo_2014_3634.png
3,5,photo_2014_4641.png
3,6,photo_2014_4641.png
3,7,photo_2014_4641.png
3,8,photo_2014_4641.png
3,9,photo_2014_4641.png
3,10,photo_2014_4641.png
3,11,photo_2014_4641.png
3,12,photo_2014_4641.png
3,13,photo_2014_4641.png
3,14,photo_2014_4641.png
3,15,photo_2014_4641.png
3,16,photo_2014_4641.png
3,17,photo_2014_4641.png
3,18,photo_2014_4641.png
3,19,photo_2014_4641.png
4,0,photo_2014_188.png
4,1,photo_2014_188.png
4,2,photo_2014_188.png
4,3,photo_2014_188.png
4,4,photo_2014_188.png
4,5,photo_2014_188.png
4,6,photo_2014_188.png
4,7,photo_2014_188.png
4,8,photo_2014_188.png
4,9,photo_2014_188.png
4,10,photo_2014_188.png
4,11,photo_2014_188.png
4,12,photo_2014_188.png
4,13,photo_2014_188.png
4,14,photo_2014_3327.png
4,15,photo_2014_4785.png
4,16,photo_2014_2502.png
4,17,mine (215).png
4,18,photo_2014_4540.png
4,19,mine (215).png
5,0,photo_2014_188.png
5,1,photo_2014_188.png
5,2,photo_2014_188.png
5,3,photo_2014_188.png
5,4,photo_2014_188.png
5,5,photo_2014_188.png
5,6,photo_2014_188.png
5,7,photo_2014_188.png
5,8,photo_2014_3317.png
5,9,photo_2014_144.png
5,10,mine (31).png
5,11,photo_2014_4721.png
5,12,photo_2014_4721.png
5,13,mine (215).png
5,14,photo_2014_4540.png
5,15,photo_2014_4139.png
5,16,photo_2014_4379.png
5,17,photo_2014_2557.png
5,18,photo_2014_2557.png
5,19,photo_2014_2557.png
6,0,photo_2014_188.png
6,1,photo_2014_188.png
6,2,photo_2014_188.png
6,3,photo_2014_188.png
6,4,photo_2014_188.png
6,5,photo_2014_188.png
6,6,photo_2014_3317.png
6,7,photo_2014_4126.png
6,8,mine (89).png
6,9,photo_2014_4721.png
6,10,photo_2014_125.png
6,11,photo_2014_2223.png
6,12,photo_2014_4463.png
6,13,photo_2014_4139.png
6,14,photo_2014_1472.png
6,15,photo_2014_4463.png
6,16,photo_2014_4540.png
6,17,photo_2014_4851.png
6,18,photo_2014_2278.png
6,19,photo_2014_4463.png
7,0,photo_2014_1592.png
7,1,photo_2014_4589.png
7,2,photo_2014_4641.png
7,3,photo_2014_3611.png
7,4,photo_2014_416.png
7,5,mine (89).png
7,6,mine (13).png
7,7,photo_2014_1131.png
7,8,mine (304).png
7,9,photo_2014_2223.png
7,10,photo_2014_2107.png
7,11,photo_2014_1389.png
7,12,photo_2014_2223.png
7,13,photo_2014_4721.png
7,14,photo_2014_3230.png
7,15,photo_2014_4721.png
7,16,photo_2014_1571.png
7,17,photo_2014_4379.png
7,18,photo_2014_2557.png
7,19,photo_2014_2278.png
8,0,photo_2014_4126.png
8,1,photo_2014_4126.png
8,2,mine (13).png
8,3,photo_2014_4641.png
8,4,photo_2014_3634.png
8,5,photo_2014_3634.png
8,6,photo_2014_3264.png
8,7,photo_2014_2149.png
8,8,photo_2014_1379.png
8,9,photo_2014_4463.png
8,10,photo_2014_2557.png
8,11,photo_2014_4321.png
8,12,photo_2014_4721.png
8,13,photo_2014_3193.png
8,14,photo_2014_435.png
8,15,photo_2014_2441.png
8,16,photo_2014_1491.png
8,17,photo_2014_1491.png
8,18,photo_2014_1379.png
8,19,photo_2014_4788.png
9,0,mine (13).png
9,1,mine (13).png
9,2,mine (13).png
9,3,mine (13).png
9,4,mine (13).png
9,5,mine (13).png
9,6,photo_2014_3317.png
9,7,mine (215).png
9,8,photo_2014_2223.png
9,9,photo_2014_1491.png
9,10,photo_2014_1166.png
9,11,photo_2014_4224.png
9,12,mine (375).png
9,13,photo_2014_4589.png
9,14,photo_2014_4695.png
9,15,photo_2014_4468.png
9,16,photo_2014_4667.png
9,17,photo_2014_144.png
9,18,photo_2014_4721.png
9,19,photo_2014_2379.png
10,0,mine (13).png
10,1,mine (13).png
10,2,mine (13).png
10,3,mine (13).png
10,4,mine (13).png
10,5,photo_2014_3107.png
10,6,photo_2014_3290.png
10,7,photo_2014_2535.png
10,8,photo_2014_2557.png
10,9,photo_2014_1448.png
10,10,photo_2014_4446.png
10,11,photo_2014_3404.png
10,12,photo_2014_3410.png
10,13,photo_2014_4695.png
10,14,photo_2014_2543.png
10,15,photo_2014_198.png
10,16,photo_2014_4398.png
10,17,photo_2014_491.png
10,18,photo_2014_4240.png
10,19,photo_2014_4540.png
11,0,photo_2014_1131.png
11,1,photo_2014_4349.png
11,2,photo_2014_4349.png
11,3,mine (13).png
11,4,photo_2014_339.png
11,5,photo_2014_1533.png
11,6,photo_2014_2557.png
11,7,photo_2014_2557.png
11,8,photo_2014_2557.png
11,9,photo_2014_2557.png
11,10,photo_2014_3471.png
11,11,photo_2014_1144.png
11,12,photo_2014_198.png
11,13,photo_2014_4379.png
11,14,photo_2014_2557.png
11,15,photo_2014_2278.png
11,16,photo_2014_2278.png
11,17,photo_2014_198.png
11,18,photo_2014_198.png
11,19,photo_2014_198.png
12,0,photo_2014_3611.png
12,1,mine (119).png
12,2,mine (119).png
12,3,photo_2014_4843.png
12,4,photo_2014_1533.png
12,5,photo_2014_4463.png
12,6,photo_2014_4379.png
12,7,photo_2014_4463.png
12,8,photo_2014_3471.png
12,9,photo_2014_3453.png
12,10,photo_2014_2502.png
12,11,photo_2014_198.png
12,12,photo_2014_198.png
12,13,photo_2014_3466.png
12,14,photo_2014_198.png
12,15,photo_2014_2557.png
12,16,photo_2014_2278.png
12,17,photo_2014_198.png
12,18,photo_2014_198.png
12,19,photo_2014_188.png
13,0,mine (120).png
13,1,mine (120).png
13,2,mine (119).png
13,3,photo_2014_339.png
13,4,photo_2014_4851.png
13,5,photo_2014_2278.png
13,6,photo_2014_2229.png
13,7,photo_2014_3541.png
13,8,mine (120).png
13,9,mine (304).png
13,10,photo_2014_188.png
13,11,photo_2014_188.png
13,12,photo_2014_188.png
13,13,photo_2014_188.png
13,14,photo_2014_198.png
13,15,photo_2014_198.png
13,16,photo_2014_198.png
13,17,photo_2014_3333.png
13,18,photo_2014_3317.png
13,19,photo_2014_188.png
14,0,mine (120).png
14,1,mine (120).png
14,2,photo_2014_4647.png
14,3,mine (393).png
14,4,photo_2014_2457.png
14,5,photo_2014_2457.png
14,6,photo_2014_4284.png
14,7,mine (120).png
14,8,photo_2014_4299.png
14,9,mine (89).png
14,10,mine (89).png
14,11,mine (13).png
14,12,mine (13).png
14,13,mine (13).png
14,14,photo_2014_3107.png
14,15,photo_2014_188.png
14,16,photo_2014_188.png
14,17,photo_2014_188.png
14,18,photo_2014_2438.png
14,19,mine (13).png
15,0,mine (71).png
15,1,mine (120).png
15,2,photo_2014_4275.png
15,3,photo_2014_3641.png
15,4,photo_2014_2457.png
15,5,photo_2014_4284.png
15,6,mine (100).png
15,7,photo_2014_4378.png
15,8,photo_2014_3154.png
15,9,photo_2014_4230.png
15,10,mine (119).png
15,11,mine (119).png
15,12,mine (89).png
15,13,mine (13).png
15,14,mine (13).png
15,15,mine (13).png
15,16,mine (13).png
15,17,mine (13).png
15,18,mine (13).png
15,19,mine (13).png
16,0,photo_2014_2349.png
16,1,mine (120).png
16,2,mine (100).png
16,3,photo_2014_1625.png
16,4,photo_2014_3541.png
16,5,mine (120).png
16,6,mine (123).png
16,7,photo_2014_245.png
16,8,photo_2014_442.png
16,9,mine (119).png
16,10,mine (119).png
16,11,photo_2014_3634.png
16,12,mine (192).png
16,13,mine (13).png
16,14,mine (89).png
16,15,mine (89).png
16,16,photo_2014_1131.png
16,17,mine (89).png
16,18,mine (13).png
16,19,mine (13).png
17,0,photo_2014_2349.png
17,1,mine (71).png
17,2,mine (120).png
17,3,photo_2014_3611.png
17,4,mine (120).png
17,5,mine (120).png
17,6,photo_2014_3611.png
17,7,photo_2014_2104.png
17,8,mine (13).png
17,9,mine (59).png
17,10,mine (13).png
17,11,mine (13).png
17,12,mine (119).png
17,13,photo_2014_1208.png
17,14,mine (119).png
17,15,mine (89).png
17,16,mine (119).png
17,17,mine (119).png
17,18,mine (89).png
17,19,mine (89).png
18,0,photo_2014_2349.png
18,1,mine (71).png
18,2,mine (120).png
18,3,mine (71).png
18,4,mine (120).png
18,5,mine (120).png
18,6,mine (71).png
18,7,mine (120).png
18,8,photo_2014_386.png
18,9,photo_2014_2505.png
18,10,photo_2014_418.png
18,11,photo_2014_3104.png
18,12,photo_2014_4286.png
18,13,photo_2014_1144.png
18,14,photo_2014_4721.png
18,15,photo_2014_2314.png
18,16,mine (120).png
18,17,mine (100).png
18,18,mine (119).png
18,19,mine (119).png
19,0,photo_2014_2188.png
19,1,mine (71).png
19,2,mine (71).png
19,3,mine (71).png
19,4,mine (120).png
19,5,photo_2014_2505.png
19,6,mine (71).png
19,7,photo_2014_3187.png
19,8,photo_2014_2377.png
19,9,photo_2014_1208.png
19,10,photo_2014_3634.png
19,11,photo_2014_1144.png
19,12,mine (215).png
19,13,photo_2014_2557.png
19,14,photo_2014_198.png
19,15,photo_2014_1422.png
19,16,mine (71).png
19,17,mine (120).png
19,18,mine (120).png
19,19,mine (120).png
20,0,photo_2014_4641.png
20,1,photo_2014_3611.png
20,2,mine (71).png
20,3,mine (71).png
20,4,photo_2014_4227.png
20,5,photo_2014_4428.png
20,6,photo_2014_4248.png
20,7,photo_2014_4760.png
20,8,photo_2014_4463.png
20,9,photo_2014_4446.png
20,10,photo_2014_4721.png
20,11,photo_2014_198.png
20,12,photo_2014_198.png
20,13,photo_2014_198.png
20,14,photo_2014_198.png
20,15,photo_2014_3154.png
20,16,photo_2014_456.png
20,17,photo_2014_2349.png
20,18,photo_2014_2349.png
20,19,mine (71).png
21,0,photo_2014_4263.png
21,1,photo_2014_2349.png
21,2,photo_2014_2349.png
21,3,photo_2014_3454.png
21,4,photo_2014_1208.png
21,5,photo_2014_1144.png
21,6,photo_2014_1296.png
21,7,photo_2014_4682.png
21,8,photo_2014_1353.png
21,9,photo_2014_337.png
21,10,photo_2014_3115.png
21,11,photo_2014_2206.png
21,12,photo_2014_2206.png
21,13,photo_2014_2206.png
21,14,photo_2014_2206.png
21,15,photo_2014_2206.png
21,16,photo_2014_2206.png
21,17,photo_2014_3396.png
21,18,photo_2014_2175.png
21,19,photo_2014_3363.png
22,0,mine (233).png
22,1,photo_2014_2349.png
22,2,mine (71).png
22,3,photo_2014_3598.png
22,4,photo_2014_368.png
22,5,photo_2014_2557.png
22,6,photo_2014_4463.png
22,7,photo_2014_4463.png
22,8,photo_2014_4463.png
22,9,photo_2014_2457.png
22,10,photo_2014_125.png
22,11,photo_2014_3179.png
22,12,mine (338).png
22,13,photo_2014_4349.png
22,14,photo_2014_4349.png
22,15,photo_2014_1131.png
22,16,mine (338).png
22,17,mine (338).png
22,18,mine (338).png
22,19,mine (31).png
23,0,photo_2014_2349.png
23,1,photo_2014_2349.png
23,2,mine (100).png
23,3,photo_2014_368.png
23,4,photo_2014_4463.png
23,5,photo_2014_4463.png
23,6,photo_2014_4379.png
23,7,photo_2014_198.png
23,8,photo_2014_3154.png
23,9,photo_2014_3471.png
23,10,mine (89).png
23,11,mine (338).png
23,12,mine (119).png
23,13,mine (338).png
23,14,mine (338).png
23,15,photo_2014_1131.png
23,16,mine (338).png
23,17,mine (338).png
23,18,mine (338).png
23,19,photo_2014_3107.png
24,0,photo_2014_2574.png
24,1,photo_2014_2574.png
24,2,photo_2014_2502.png
24,3,photo_2014_4463.png
24,4,photo_2014_198.png
24,5,photo_2014_2457.png
24,6,photo_2014_3471.png
24,7,mine (89).png
24,8,photo_2014_4349.png
24,9,mine (338).png
24,10,mine (119).png
24,11,mine (338).png
24,12,mine (338).png
24,13,mine (338).png
24,14,mine (338).png
24,15,photo_2014_245.png
24,16,photo_2014_1131.png
24,17,mine (338).png
24,18,mine (338).png
24,19,photo_2014_339.png
25,0,photo_2014_2278.png
25,1,photo_2014_2557.png
25,2,photo_2014_198.png
25,3,photo_2014_2445.png
25,4,photo_2014_4112.png
25,5,mine (89).png
25,6,mine (119).png
25,7,mine (119).png
25,8,mine (338).png
25,9,mine (338).png
25,10,mine (338).png
25,11,mine (338).png
25,12,mine (338).png
25,13,mine (338).png
25,14,mine (338).png
25,15,photo_2014_4435.png
25,16,photo_2014_1131.png
25,17,photo_2014_3611.png
25,18,mine (67).png
25,19,photo_2014_3611.png
26,0,photo_2014_2557.png
26,1,photo_2014_3154.png
26,2,mine (375).png
26,3,mine (338).png
26,4,mine (119).png
26,5,mine (119).png
26,6,mine (119).png
26,7,mine (119).png
26,8,mine (338).png
26,9,mine (338).png
26,10,mine (338).png
26,11,mine (338).png
26,12,photo_2014_2294.png
26,13,photo_2014_2294.png
26,14,photo_2014_3546.png
26,15,photo_2014_1443.png
26,16,photo_2014_3611.png
26,17,photo_2014_2349.png
26,18,photo_2014_4270.png
26,19,photo_2014_397.png
27,0,photo_2014_4555.png
27,1,mine (338).png
27,2,mine (119).png
27,3,mine (119).png
27,4,mine (119).png
27,5,mine (119).png
27,6,mine (88).png
27,7,mine (338).png
27,8,mine (338).png
27,9,mine (338).png
27,10,photo_2014_3611.png
27,11,mine (67).png
27,12,photo_2014_2349.png
27,13,photo_2014_2349.png
27,14,photo_2014_2349.png
27,15,photo_2014_2349.png
27,16,photo_2014_4286.png
27,17,photo_2014_3410.png
27,18,photo_2014_3317.png
27,19,photo_2014_188.png
28,0,mine (338).png
28,1,mine (119).png
28,2,mine (119).png
28,3,mine (338).png
28,4,mine (119).png
28,5,mine (119).png
28,6,mine (338).png
28,7,mine (338).png
28,8,mine (338).png
28,9,photo_2014_3611.png
28,10,mine (67).png
28,11,photo_2014_2349.png
28,12,photo_2014_2349.png
28,13,photo_2014_2349.png
28,14,photo_2014_2349.png
28,15,photo_2014_3187.png
28,16,photo_2014_188.png
28,17,photo_2014_3317.png
28,18,photo_2014_188.png
28,19,photo_2014_3333.png
29,0,mine (338).png
29,1,mine (338).png
29,2,mine (119).png
29,3,mine (338).png
29,4,mine (338).png
29,5,mine (338).png
29,6,mine (338).png
29,7,mine (338).png
29,8,mine (338).png
29,9,mine (67).png
29,10,photo_2014_2349.png
29,11,photo_2014_2349.png
29,12,photo_2014_2349.png
29,13,photo_2014_2349.png
29,14,photo_2014_3454.png
29,15,photo_2014_3333.png
29,16,photo_2014_188.png
29,17,photo_2014_188.png
29,18,photo_2014_3333.png
29,19,photo_2014_2206.png
